PC1,PC2,Class
29.50646665030347,14.053905391623815,ALL
35.15127684755177,23.578664089050697,ALL
-2.7789935970513366,-10.795036070875673,ALL
25.915677989727143,-28.443511800715058,ALL
-70.98902447299702,-26.080138251525696,ALL
7.143136850534739,68.30028797635275,ALL
16.99575174750821,-41.639664669241135,ALL
41.37949465008009,-24.572693370283762,ALL
17.755143576877106,-35.255318176945295,ALL
17.583385946918032,-32.48695139605455,ALL
33.181183976743256,-35.612438485952254,ALL
43.336248946165526,-24.92458377207332,ALL
9.346593592992017,-15.930759232168054,ALL
-16.405332759802782,-8.140639023004002,ALL
-65.89731450426116,-37.892647232004435,ALL
-71.09385901172755,-33.6218482041324,ALL
2.0856310789207986,-24.1191046224007,ALL
47.920497489887076,-11.464195100800648,ALL
44.81578083831092,10.95308458930721,ALL
58.57012051472979,-23.351288978533468,ALL
20.815886621971924,-25.544846929239206,AML
-38.35436109821287,28.47847966276441,AML
29.98982444823089,13.546062354000133,AML
-12.41832994358302,19.938738563136848,AML
-7.956564960746564,-16.575921478473894,AML
63.38777912563315,-15.558639477829606,AML
62.73019554450248,22.683860482285116,AML
53.911762873302216,-21.455852891923,AML
22.989036394421237,19.846998566768697,AML
23.278473003643295,0.2422271565330928,AML
46.2869010534898,-43.077731642190166,AML
-48.45708629906605,26.476616789744625,AML
6.4904514696568985,66.7510754717521,AML
6.097297820294269,2.4563170833122867,AML
-33.53956044268442,26.557892990647343,ALL
-36.97028316865441,-5.471065629288655,ALL
-32.729920328820896,42.84658524994724,ALL
-6.37516097894624,23.334120742388976,ALL
-38.12980468311845,-37.63936743263588,ALL
33.95387970883944,5.085946277398689,ALL
14.780494230781771,32.536608348251576,ALL
16.02498392726043,63.458226846560336,ALL
-69.99655898696636,3.0061003043461274,ALL
8.460205108799716,-9.366012275943122,ALL
-16.21626787647773,-11.668916242523611,ALL
49.63150860244837,-14.426581780314203,ALL
-46.8568752301529,-32.85336588004916,ALL
-21.02420128392475,-5.701413745047068,ALL
-52.389744491142416,-38.189625399833126,ALL
-16.46786901687665,-6.894824798166099,ALL
-78.11998821020909,34.68302094390011,ALL
22.75732749564767,-12.4411753648885,ALL
9.991811314826979,-18.707532322062452,ALL
-138.09137208787035,-37.452300948436026,ALL
29.45975390891908,-43.81778255312227,ALL
35.42796694013761,5.260103419487221,ALL
42.53918983854989,7.961241677850052,ALL
-33.825107679902615,-8.17059850523045,ALL
7.67852430909045,-7.002790532548318,ALL
-9.60895948996329,-10.765148662389072,ALL
55.57667165001251,57.004582149188,ALL
-8.187164634610054,27.017269432095258,AML
54.13035032354121,23.299907359044063,AML
-47.394936740549824,18.636437631753125,AML
-21.2728873498537,18.756318822172634,AML
5.949446637854491,22.49376836957166,AML
-28.603339216354048,18.84524702001575,AML
24.126684469810385,-34.72592573440743,AML
-42.88183925144402,8.17801969045283,AML
1.8357663392531585,17.50120466853115,AML
-27.679340287141358,32.679393100437636,AML
-38.27651577505726,65.38992539258018,AML
