probe,logistic_coefficient_for_AML,absolute_coefficient
Y07604_at,0.47532608913188307,0.47532608913188307
U82759_at,0.30663094475196734,0.30663094475196734
U70063_at,0.3020541639133577,0.3020541639133577
J02783_at,0.2912280530803482,0.2912280530803482
HG1612-HT1612_at,-0.2684312410769963,0.2684312410769963
M26708_s_at,-0.25705470522105,0.25705470522105
M31303_rna1_at,-0.2515748442792571,0.2515748442792571
L07633_at,-0.24871511347574435,0.24871511347574435
M98399_s_at,0.2409563394817904,0.2409563394817904
X85116_rna1_s_at,0.24020916007139392,0.24020916007139392
M84371_rna1_s_at,-0.23369534693571478,0.23369534693571478
X07438_s_at,0.224888031246904,0.224888031246904
D49950_at,0.21839248095288266,0.21839248095288266
M92287_at,-0.19878726648508457,0.19878726648508457
M19507_at,0.1973876960347773,0.1973876960347773
M33680_at,-0.19609840953681218,0.19609840953681218
X66401_cds1_at,-0.1788765132740694,0.1788765132740694
M23197_at,0.1734577896334452,0.1734577896334452
M11722_at,-0.1706992873612276,0.1706992873612276
M31211_s_at,-0.1697320975023258,0.1697320975023258
M27891_at,0.1696665682092758,0.1696665682092758
X62654_rna1_at,0.1682261731976753,0.1682261731976753
U50136_rna1_at,0.16663241699863673,0.16663241699863673
Y08612_at,-0.16611779244100666,0.16611779244100666
M55150_at,0.15906527132536916,0.15906527132536916
X13973_at,0.15356362313352587,0.15356362313352587
M63838_s_at,-0.15240101323614952,0.15240101323614952
U22376_cds2_s_at,-0.15158704484064334,0.15158704484064334
J05243_at,-0.14996020161437093,0.14996020161437093
U05259_rna1_at,-0.14940151254611425,0.14940151254611425
U62136_at,-0.14560547974700366,0.14560547974700366
L47738_at,-0.13818404016844854,0.13818404016844854
M31523_at,-0.13617771899277195,0.13617771899277195
X95735_at,0.1347781265873842,0.1347781265873842
L09209_s_at,0.12890858236419275,0.12890858236419275
Y00787_s_at,0.12815727326078155,0.12815727326078155
U10868_at,0.12803033439384054,0.12803033439384054
M83652_s_at,0.12771880201626015,0.12771880201626015
M63138_at,0.12195928784700995,0.12195928784700995
M22960_at,0.12015189255951902,0.12015189255951902
M28130_rna1_s_at,0.11863589630771537,0.11863589630771537
X70297_at,0.11765684502786802,0.11765684502786802
M65214_s_at,-0.11503478442140674,0.11503478442140674
S50223_at,-0.11500564432277453,0.11500564432277453
M60527_at,-0.114660174964112,0.114660174964112
M16038_at,0.11302169630263086,0.11302169630263086
D26156_s_at,-0.11295343095409308,0.11295343095409308
X97267_rna1_s_at,-0.10508405130205926,0.10508405130205926
U46751_at,0.10356922640817809,0.10356922640817809
U46499_at,0.10085952305482583,0.10085952305482583
M15395_at,0.09783289910088945,0.09783289910088945
D88270_at,-0.09710615268076336,0.09710615268076336
M93056_at,0.09283848319791772,0.09283848319791772
M89957_at,-0.09180073922787732,0.09180073922787732
U29175_at,-0.09031404825613129,0.09031404825613129
X59417_at,-0.08913457196058396,0.08913457196058396
M62762_at,0.08831221956507099,0.08831221956507099
X98411_at,0.08706714855954067,0.08706714855954067
M84526_at,0.0868383320455143,0.0868383320455143
X63469_at,-0.08680772496785402,0.08680772496785402
U77948_at,-0.08434941398406129,0.08434941398406129
L09717_at,0.08180640515796654,0.08180640515796654
S46622_at,-0.08135491255167812,0.08135491255167812
M13452_s_at,0.08130902377229769,0.08130902377229769
J03473_at,-0.08025142727534193,0.08025142727534193
U51990_at,-0.07677335988178381,0.07677335988178381
X64072_s_at,0.071958073610882,0.071958073610882
M96326_rna1_at,0.06917673853658687,0.06917673853658687
U05572_s_at,0.06778384587719126,0.06778384587719126
X15414_at,0.06251485840618928,0.06251485840618928
X17042_at,0.060113579942713824,0.060113579942713824
U30255_at,0.05912185785125822,0.05912185785125822
M63167_at,0.057735012672052076,0.057735012672052076
M63959_at,0.05749664732115591,0.05749664732115591
Z15115_at,-0.05528776646266195,0.05528776646266195
U41635_at,0.05210765955679729,0.05210765955679729
D26579_at,0.051234750720074836,0.051234750720074836
L21954_at,0.0494126124942877,0.0494126124942877
D88422_at,0.04537479429606113,0.04537479429606113
X62320_at,0.03738308848703429,0.03738308848703429
X14008_rna1_f_at,-0.03253585534156832,0.03253585534156832
M11147_at,0.03190304333596436,0.03190304333596436
AB002559_at,0.030534868548972267,0.030534868548972267
X61587_at,-0.02705196965720112,0.02705196965720112
X52056_at,0.0257179220975696,0.0257179220975696
L11669_at,0.02546932299395862,0.02546932299395862
D10495_at,0.02491085489732919,0.02491085489732919
X07743_at,-0.022447947876995892,0.022447947876995892
M19045_f_at,-0.022037708071065303,0.022037708071065303
L42379_at,0.019227569810120103,0.019227569810120103
S82470_at,-0.016775126994834296,0.016775126994834296
X16546_at,0.014696217055251712,0.014696217055251712
HG3494-HT3688_at,0.014083304941674932,0.014083304941674932
U40369_rna1_at,0.013308420669529229,0.013308420669529229
X12447_at,0.011809265581233035,0.011809265581233035
M32304_s_at,0.010317898274448603,0.010317898274448603
M81695_s_at,0.004856176763623542,0.004856176763623542
X90858_at,-0.002668532011442841,0.002668532011442841
D14664_at,0.0010121569473676038,0.0010121569473676038
J03801_f_at,0.00012369168570626054,0.00012369168570626054
